,0,1,2,accuracy,macro avg,weighted avg
precision,0.14285714285714285,0.8260869565217391,0.07894736842105263,0.7227414330218068,0.34929715593331156,0.6939387273547543
recall,0.038461538461538464,0.8702290076335878,0.09090909090909091,0.7227414330218068,0.33319987900140574,0.7227414330218068
f1-score,0.06060606060606061,0.8475836431226765,0.08450704225352113,0.7227414330218068,0.33089891532741944,0.7053937833902337
support,26.0,262.0,33.0,0.7227414330218068,321.0,321.0
