,0,1,2,accuracy,macro avg,weighted avg
precision,0.1111111111111111,0.8327272727272728,0.10810810810810811,0.7289719626168224,0.3506488306488307,0.699785052682249
recall,0.038461538461538464,0.8740458015267175,0.12121212121212122,0.7289719626168224,0.34457315373345904,0.7289719626168224
f1-score,0.05714285714285714,0.8528864059590316,0.11428571428571428,0.7289719626168224,0.3414383257958677,0.712502745228689
support,26.0,262.0,33.0,0.7289719626168224,321.0,321.0
