,0,1,2,accuracy,macro avg,weighted avg
precision,0.14285714285714285,0.8297872340425532,0.09375,0.7414330218068536,0.35546479229989864,0.6984806574250301
recall,0.038461538461538464,0.8931297709923665,0.09090909090909091,0.7414330218068536,0.3408334667876653,0.7414330218068536
f1-score,0.06060606060606061,0.8602941176470589,0.09230769230769231,0.7414330218068536,0.33773595685360397,0.7165700007646132
support,26.0,262.0,33.0,0.7414330218068536,321.0,321.0
