,0,1,2,accuracy,macro avg,weighted avg
precision,0.5,0.8242811501597445,0.16666666666666666,0.8099688473520249,0.49698260560880375,0.7304101599434675
recall,0.038461538461538464,0.9847328244274809,0.030303030303030304,0.8099688473520249,0.35116579773068324,0.8099688473520249
f1-score,0.07142857142857142,0.8973913043478261,0.05128205128205128,0.8099688473520249,0.3400339756861496,0.7435077018335856
support,26.0,262.0,33.0,0.8099688473520249,321.0,321.0
