,0,1,2,accuracy,macro avg,weighted avg
precision,0.5,0.8248407643312102,0.2,0.8130841121495327,0.5082802547770701,0.7342937079588071
recall,0.038461538461538464,0.9885496183206107,0.030303030303030304,0.8130841121495327,0.3524380623617265,0.8130841121495327
f1-score,0.07142857142857142,0.8993055555555556,0.05263157894736842,0.8130841121495327,0.34112190197716513,0.7452088489656125
support,26.0,262.0,33.0,0.8130841121495327,321.0,321.0
